wage_diff_interval,total_count,accept_count,acceptance_ratio_per_interval
"[-1.0, -0.75)",3,1,0.3333333333333333
"[-0.75, -0.5)",28,11,0.39285714285714285
"[-0.5, -0.25)",52,12,0.23076923076923078
"[-0.25, 0.0)",98,27,0.2755102040816326
"[0.0, 0.25)",209,113,0.5406698564593302
"[0.25, 0.5)",142,86,0.6056338028169014
"[0.5, 0.75)",63,39,0.6190476190476191
"[0.75, 1.0)",35,25,0.7142857142857143
