wage_diff_interval,total_count,accept_count,acceptance_ratio_per_interval
"[-1.0, -0.75)",0,,
"[-0.75, -0.5)",17,8.0,0.47058823529411764
"[-0.5, -0.25)",26,6.0,0.23076923076923078
"[-0.25, 0.0)",60,28.0,0.4666666666666667
"[0.0, 0.25)",113,55.0,0.48672566371681414
"[0.25, 0.5)",52,29.0,0.5576923076923077
"[0.5, 0.75)",32,21.0,0.65625
"[0.75, 1.0)",10,6.0,0.6
