wage_diff_interval,total_count,accept_count,acceptance_ratio_per_interval
"[-1.0, -0.75)",4,1,0.25
"[-0.75, -0.5)",25,10,0.4
"[-0.5, -0.25)",46,10,0.21739130434782608
"[-0.25, 0.0)",81,24,0.2962962962962963
"[0.0, 0.25)",159,89,0.559748427672956
"[0.25, 0.5)",98,59,0.6020408163265306
"[0.5, 0.75)",42,29,0.6904761904761905
"[0.75, 1.0)",22,17,0.7727272727272727
