wage_diff_interval,total_count,accept_count,acceptance_ratio_per_interval
"[-1.0, -0.75)",0,,
"[-0.75, -0.5)",16,7.0,0.4375
"[-0.5, -0.25)",22,6.0,0.2727272727272727
"[-0.25, 0.0)",46,21.0,0.45652173913043476
"[0.0, 0.25)",86,40.0,0.46511627906976744
"[0.25, 0.5)",34,20.0,0.5882352941176471
"[0.5, 0.75)",21,16.0,0.7619047619047619
"[0.75, 1.0)",5,2.0,0.4
