wage_diff_quantile_bin,avg_offer,total_count,accept_count,acceptance_ratio_per_interval
"(-0.537, -0.36]",-0.4309570855952263,64,28,0.4375
"(-0.36, -0.237]",-0.29357552626895067,64,35,0.546875
"(-0.237, -0.142]",-0.18997833013416474,64,39,0.609375
"(-0.142, -0.0465]",-0.09431902950862281,64,52,0.8125
"(-0.0465, 0.0]",-0.008028206424937201,111,93,0.8378378378378378
"(0.0, 0.0392]",0.03198432770450701,26,24,0.9230769230769231
"(0.0392, 0.133]",0.08800557205138275,55,45,0.8181818181818182
"(0.133, 0.262]",0.19076600641316302,66,58,0.8787878787878788
"(0.262, 0.693]",0.40603946022432796,63,51,0.8095238095238095
