wage_diff_interval,total_count,accept_count,acceptance_ratio_per_interval
"[-1.0, -0.8)",6,2.0,0.3333333333333333
"[-0.8, -0.6)",44,18.0,0.4090909090909091
"[-0.6, -0.4)",107,40.0,0.37383177570093457
"[-0.4, -0.2)",149,64.0,0.42953020134228187
"[-0.2, 0.0)",199,110.0,0.5527638190954773
"[0.0, 0.2)",368,277.0,0.7527173913043478
"[0.2, 0.4)",110,62.0,0.5636363636363636
"[0.4, 0.6)",37,27.0,0.7297297297297297
"[0.6, 0.8)",6,5.0,0.8333333333333334
"[0.8, 1.0)",0,,
