wage_diff_interval,total_count,accept_count,acceptance_ratio_per_interval
"[-1.0, -0.8)",5,2.0,0.4
"[-0.8, -0.6)",35,18.0,0.5142857142857142
"[-0.6, -0.4)",74,40.0,0.5405405405405406
"[-0.4, -0.2)",105,64.0,0.6095238095238096
"[-0.2, 0.0)",141,110.0,0.7801418439716312
"[0.0, 0.2)",307,277.0,0.9022801302931596
"[0.2, 0.4)",74,62.0,0.8378378378378378
"[0.4, 0.6)",29,27.0,0.9310344827586207
"[0.6, 0.8)",5,5.0,1.0
"[0.8, 1.0)",0,,
