wage_diff_interval,total_count,accept_count,acceptance_ratio_per_interval
"[-1.0, -0.8)",18,7.0,0.3888888888888889
"[-0.8, -0.6)",64,31.0,0.484375
"[-0.6, -0.4)",142,65.0,0.45774647887323944
"[-0.4, -0.2)",181,86.0,0.47513812154696133
"[-0.2, 0.0)",265,162.0,0.6113207547169811
"[0.0, 0.2)",508,399.0,0.7854330708661418
"[0.2, 0.4)",157,103.0,0.6560509554140127
"[0.4, 0.6)",57,45.0,0.7894736842105263
"[0.6, 0.8)",15,11.0,0.7333333333333333
"[0.8, 1.0)",0,,
